"","category","over_represented_pvalue","under_represented_pvalue","numDEInCat","numInCat","term","ontology"
"3","GO:0005515",0.0490605024374169,0.976874098313795,13,1490,"protein binding","MF"
"1","GO:0003887",0.0389546781076711,0.999352624362287,1,7,"DNA-directed DNA polymerase activity","MF"
"2","GO:0004190",0.0440402201275736,0.999140584145252,1,9,"aspartic-type endopeptidase activity","MF"
"4","GO:0005871",0.0281573801730486,0.999685490435944,1,5,"kinesin complex","CC"
"5","GO:0015935",0.0331068575411893,0.999546325078757,1,6,"small ribosomal subunit","CC"
"6","GO:0016772",0.0331410200415659,0.999545382009697,1,6,"transferase activity, transferring phosphorus-containing groups","MF"
"7","GO:0016831",0.0161613014178177,0.999903320395139,1,4,"carboxy-lyase activity","MF"
"8","GO:0019752",0.0218229087096494,0.999811577613103,1,5,"carboxylic acid metabolic process","BP"
"9","GO:0071897",0.0212275377544872,0.999832841353903,1,4,"DNA biosynthetic process","BP"
