"","gene_id","scaffold","start","stop","length","category","over_represented_pvalue","under_represented_pvalue","numDEInCat","numInCat","term","ontology","baseMean","log2FoldChange","lfcSE","stat","pvalue","padj","Treatment_Compare","X19_T33_Ac_WK","X25_ctl1_Ac_GF_1","X27_ctl2_Ac_YG_1","X31_T22_Ac_UV","X35_T43_Ac_MT","X37_T13_Ac_ML","X38_T23_Ac_IN","X41_ctl3_Ac_RN_1","X47_T31_Ac_JB","X52_T11_Ac_II","X53_T21_Ac_NH","X54_T42_Ac_JQ","X57_T32_Ac_NM"
"7","Acerv_evm.TU.Segkk1303_pilon.10",NA,NA,NA,NA,"GO:0071705",0.0482428057123934,0.999406431806771,1,2,"nitrogen compound transport","BP",444.856807518216,-1.87031345530677,0.467326612138917,-4.00215482432402,6.27682013703982e-05,0.0184726816633082,"T1vsT2",392,655,957,784,1092,212,414,473,246,88,431,501,105
"13","Acerv_evm.TU.Segkk169_pilon.1",NA,NA,NA,NA,"GO:0006013",0.0355391360499109,0.999679994423401,1,2,"mannose metabolic process","BP",36.2686923431267,-2.72468119556431,0.58525894813549,-4.65551394685133,3.23173528057519e-06,0.000768897859781061,"CvsT2",44,39,6,71,105,24,30,10,15,13,27,71,15
"16","Acerv_evm.TU.Segkk1777_pilon.32","Segkk1777_pilon",258209,261548,3339,"GO:0030245",0.0276448849994888,1,1,1,"cellulose catabolic process","BP",74.0691955406927,1.45011797835005,0.378891007348871,3.82726945275539,0.000129572649693374,0.0305065846438079,"T1vsT2",92,259,135,40,82,64,25,145,40,100,26,93,35
"18","Acerv_evm.TU.Segkk1777_pilon.32","Segkk1777_pilon",258209,261548,3339,"GO:0000272",0.0383253337681365,0.999627315855813,1,2,"polysaccharide catabolic process","BP",74.0691955406927,1.45011797835005,0.378891007348871,3.82726945275539,0.000129572649693374,0.0305065846438079,"T1vsT2",92,259,135,40,82,64,25,145,40,100,26,93,35
"30","Acerv_evm.TU.Segkk2634_pilon.10","Segkk2634_pilon",77520,83002,5482,"GO:0071705",0.0482428057123934,0.999406431806771,1,2,"nitrogen compound transport","BP",NA,NA,NA,NA,NA,NA,NA,NA,NA,NA,NA,NA,NA,NA,NA,NA,NA,NA,NA,NA
"37","Acerv_evm.TU.Segkk2792_pilon.8","Segkk2792_pilon",71723,94610,22887,"GO:0006013",0.0355391360499109,0.999679994423401,1,2,"mannose metabolic process","BP",NA,NA,NA,NA,NA,NA,NA,NA,NA,NA,NA,NA,NA,NA,NA,NA,NA,NA,NA,NA
"40","Acerv_evm.TU.Segkk2909_pilon.1",NA,NA,NA,NA,"GO:0006427",0.0245280469951749,1,1,1,"histidyl-tRNA aminoacylation","BP",208.023736204274,0.696595103154785,0.186555834674042,3.73397650291617,0.000188480086212909,0.017750504785947,"CvsT2",199,528,590,131,237,142,138,525,123,189,97,256,95
