Species,Site ,SampleNumber,TotalRawReads,AverageRawReads,AverageCleanReads,AverageReadsRemoved,Average %Mapped (aligned to species specific genome),SE %Mapped
Acerv,FL,13,216198078,16630621,16499909,130712,70.62,1.41
Mcav,FL,15,238829391,15921959,15740195,181765,50.18,2.37
Ofav,FL,14,197565998,14111857,13905076,206781,65.54,1.36
Mcap,HI,11,179967370,16360670,16280212,80459,63.75,1.24
Pact,HI,12,173295109,14441259,14359654,81605,68.94,1.39
Plob,HI,12,167944712,13995393,13858883,136510,52.83,1.92
,,77,1173800658,15243626.5,15107321.5,136305.3333,61.97666667,
,,,,486979.0407,492561.3518,20956.83466,3.473039655,